Unnamed: 0,LABEL,Headline
0,bitcoin,rose friday adding previous close
1,bitcoin,investor dipping toe water bumper month
2,bitcoin,surge rally intact analyst say could awaken dormant long term bull benzinga
5,bitcoin,looking steady week
6,bitcoin,salvador became first country world recognize legal tender year approved wednesday would regulate issuance digital asset state private entity
7,bitcoin,charge dragging market floor electrifying bonk meme coin
8,bitcoin,skybridge capital betting sustained turnaround market firm founder anthony scaramucci said admitting view overly bullish
9,bitcoin,silvergate stock surged monday weekend
10,bitcoin,period highly negative sentiment seen suspiciously solid floor finance professor john griffin told fortune
11,bitcoin,bond issuance originally planned early salvador seek raise billion called volcano bond
12,bitcoin,invest bull case million base case
13,bitcoin,investor piling back market jumping year date
14,bitcoin,asset manager grayscale investment gearing prolonged legal fight security exchange commission create spot exchange traded fund company chief executive officer said
15,bitcoin,bloodbath tesla billion backfire elon musk carmaker dumped least position
16,bitcoin,giant binance processed almost million bitzlato digital currency exchange whose founder arrested authority last week allegedly running money laundering engine blockchain data seen reuters show
17,bitcoin,surge continues first time since collapse early november coindesk report largest market capitalization started week near mark hovering
18,bitcoin,exchanging ether example taxable event eye even receive dollar
19,bitcoin,investor made large shift away short bet last week token price climbed january
20,bitcoin,character simpson episode say behold wonder china mine forced labor camp child make smartphones
21,bitcoin,interview insider invesco brian levitt break money dollar look weaken could climb
22,bitcoin,taleb said stock market expensive relative current interest rate championed warren buffett investing style trashed
23,bitcoin,jpmorgan survey institutional trader found plan trading digital asset year
24,bitcoin,york time covered research authored john griffin finance professor university texas hong kong based bitfinex largest least regulated exchange industry
26,bitcoin,despite volatile nature millionaire still want ahead curve
27,bitcoin,investor losing faith fashionable technobabble turning gold rock age nobel prize winner paul krugman suggested
28,bitcoin,accepted candy gift capitol say senator cruz another getting resolution passed
29,bitcoin,bridgewater associate founder also told cnbc see china yuan digital renminbi making gain
30,bitcoin,hacker group associated north korea lazarus group responsible theft last june million firm harmony horizon bridge federal bureau investigation said monday
31,bitcoin,move higher come price enjoy sustained rally industry market reclaiming trillion weekend
32,bitcoin,company digital currency group center industry latest meltdown company genesis froze customer withdrawal november
33,bitcoin,eye meeting next week central bank expected announce smaller increase benchmark rate
34,bitcoin,mentioned lastpass story closing couple week detail still scarce hope lastpass would release transparent information happened
35,bitcoin,reporting transaction tax important ever expert right
36,bitcoin,bucked wider downward trend meme token surged tuesday amid report elon musk plan twitter payment
37,bitcoin,faltering digital asset firm filed chapter month enduring double whammy exposure tothree arrow capital
38,bitcoin,threat impending regulation dominated headline recent month lost investor protection stand federal showdown
39,bitcoin,jamie dimon previously compared token rock called industry complete sideshow collapse
40,bitcoin,news day revelation luke dashjr core developer wallet compromised lost small fortune something shock guessing
41,bitcoin,cambiado puristas contentos centro debate gira alrededor ordinales nuevo protocolo creado casey rodarmor permite inscribir artefactos digitales cadena bloques
42,bitcoin,prosecutor confirmed lazarus group behind june hack firm harmony billion converted
43,bitcoin,bankman fried hedge fund alameda research hand relied heavily token created
44,bitcoin,heatbit space heater allegedly us energy produced calculation intensive mining heat home also cost though company insists cover electricity bill payment
45,bitcoin,hablar criptomonedas hablar promesas promesas siempre cumplen lleg hundirse niveles perdiendo mitad valor arrastrando consigo enorme crisis dentro territorio cripto pero todo baja puede
46,bitcoin,jersey face year behind bar hired hitman paid kill year prosecutor said
47,bitcoin,early count chicken price action since yesterday encouraging executive told insider
48,bitcoin,need adult supervision need goldman sachs morgan stanley blackrock come saylor said
49,bitcoin,elon musk billion tesla turned deal sunk fund january trading simultaneously announced tesla would begin accepting announc
50,bitcoin,ransomware cyber gang made million sound money compare record estimated profit million told hacker managed extort le victim past year year
51,bitcoin,unprecedented layoff ten thousand highly qualified computer nerd apparently place always turn really desperate dark recent report security firm kaspersky show
52,bitcoin,former employee network technology provider ubiquiti pleaded guilty multiple felony charge posing anonymous hacker attempt extort almost million worth employed company report nickolas
53,bitcoin,look five trend expect blockchain
54,bitcoin,launch deserve every second wolf street trader scott melker said
55,bitcoin,german online bank said tuesday would expand list country customer trade include germany switzerland
56,bitcoin,outlet coindesk exploring full partial sale business hired investment bank lazard href wwreuterscom company lazn target blank lazn lead process medium company chief executive said
57,bitcoin,semafor planning founder bankman fried roughly million investment news startup york time reported wednesday citing company chief executive officer
58,bitcoin,salvador repaid million bond finance minister alejandro zelaya said monday bond mature central american country faced pressure make progress cutting debt
59,bitcoin,company scheduled release fourth quarter earnings result week
60,bitcoin,eigentlich wollte justiz hunderte eines gest ndigen geldw schers beschlagnahmen doch sein bruder konnte sich kryptogelds chtigen
61,bitcoin,mitteilte halten verschiedene rden bundes rund investment habe aber nicht angeschafft
62,bitcoin,another exciting announcement country salvador announced passing digital asset issuance legislation proposed last november digital asset regulatory framework pave much anticipated volc
63,bitcoin,hong kong security watchdog propose subset token would allow retail investor trading chief executive said wednesday press regulatory regime make city friendly startup
64,bitcoin,presentation sony announced afeela brand electric car collaboration honda seems fairly standard futuristic concept first glance albeit slightly sillier name save function particular
65,bitcoin,thursday report investor turn attention fourth quarter earnings kick friday bank
66,bitcoin,alphabet follows microsoft meta others tech giant announcing mass layoff wall street continues brace economic downturn
67,bitcoin,treasury took extraordinary measure thursday meet obligation officially debt ceiling congress
68,bitcoin,despite recession fear labor market solid jobless claim unexpectedly fell last week economist forecast
69,bitcoin,gross domestic product fourth quarter rose annualized pace commerce department said thursday
70,bitcoin,earnings season heating industrial giant reporting early tuesday tech heavyweight later
71,bitcoin,ukraine financial sanction continue weigh country sberbank eyeing foray
72,bitcoin,insider hallam bullock rounded market story including tip stock expect rest
73,bitcoin,insider phil rosen speaks executive behind driven fund leverage watson supercomputer
74,bitcoin,outlook horrible great galaxy digital said time heal rebuild narrative
75,bitcoin,core increased december year november annual pace line forecast
76,bitcoin,gained week nasdaq jumped
77,bitcoin,company reported earnings beat profit estimate median according fundstrat
78,bitcoin,company reported earnings beat profit estimate median according fundstrat
79,bitcoin,first last recent enormous implosion industry previously seen example parade external theft internal theft anti money laundering failure cybercrime enablement loss cryptographic key
80,bitcoin,geldw scher diebesbr arbeitnehmer tsmc prognose ermahnt tiktok chef kritik heren rundfunkgeb hren
81,bitcoin,african currency plunged last year federal reserve interest rate hike drove dollar higher promoted hedge according wall street journal
82,bitcoin,ether nnen kunden bald auch smartphone bank erwerben partner bitpanda
83,bitcoin,literally scam criminal activity total real bubble ponzi scheme going bust economist nouriel roubini said
84,bitcoin,coinbase stock recovery mode slammed
85,bitcoin,prospect part twitter payment ecosystem ramped meme coin gain january
86,bitcoin,alameda research received billion genesis height lending relationship according wall street journal
87,bitcoin,chairman jerome powell said conference stockholm restoring price stability requires unpopular decision
88,bitcoin,strengthening balance sheet reducing operating expense preserving liquidity according shareholder letter seen bloomberg
89,bitcoin,december report inform investor whether federal reserve need continue hiking interest rate aggressively
90,bitcoin,half company reported fourth quarter earnings company beat profit estimate median
91,bitcoin,would assume industry learn failure come thing head innovation told reuters
92,bitcoin,cuban touted voyager multiple occasion previously calling bankrupt lender close risk free gonna
93,bitcoin,customer japan february withdraw holding exchange
94,bitcoin,floki another shiba themed token named musk soaring plan burn token remove circulation
95,bitcoin,bond yield soared friday january job report showed payroll gain unemployment rate year
96,bitcoin,easy cash impact felt world market hopeful pain aggressive rate hike high inflation passed
97,bitcoin,investment banker barry silbert worked highest profile corporate failure founder venture capital firm digital currency group parent troubled firm genesis grappling problem closer home
98,bitcoin,salvador cleared million bond payment hurdle week lingering concern financing source fiscal policy focus country prepares annual visit international monetary fund
99,bitcoin,founder defunct business sentenced tuesday eight year prison defrauding investor customer million dollar marketing virtual currency called coin lie half truth
100,bitcoin,bankrupt exchange said report creditor tuesday million stolen result hack
101,bitcoin,collapse price digital asset past year allow investor focus true value technology distributed ledger smart contract built former reserve bank india governor raghuram
102,bitcoin,global exchange kucoin offer multiple payment option nfts trader limited access
103,tether,four owned according investigatory document viewed wall street journal coindesk report document probe york attorney general federal commodity future trading commission
104,tether,general secretary say ahead wednesday strike teacher undervalued underpaid overworked teacher mary bousted national education union said government called last ditch talk monda
105,tether,exchange cryptocom longer facilitate transaction involving canada plan delist largest stablecoin market capitalization customer region decrypt report cryptocom delisted usdt user
106,tether,firm helmed inspector gadget creator lucrative tie bankman fried failed exchange forbes reported
107,tether,every device native network iphone wireless hotspot device robust connection availableset personal hotspot iphone provide device
108,tether,girl sexually assaulted vision test official said
109,tether,joanna lumley delight musical exchange real husband turn comedy fictional spouse excellent aleks krotoski tell story bruce pull shockerjoanna maestro nuzzle burning
110,tether,year pupil milly bell headteacher elisabeth broers united support teacher going strike weekafter three year disrupted education form home learning bubble incessant mask wearing classmate want
111,tether,want access iphone internet connection teach method wired wireless
112,tether,indian fisherman stranded remote island found innovative way survive
113,tether,york time covered research authored john griffin finance professor university texas hong kong based bitfinex largest least regulated exchange industry
115,tether,felt failure found breastfeeding painful visual helped make sense mother divine mother royal mother ancient clay statuette pregnant woman contemporary exploration birth
116,tether,former labour sheffield hallam accused making fraudulent expense claim nearly former labour accused expense fraud thousand pound debt drug dealer regularly took five gram cocaine court
117,tether,capture holt rliche farben feine detail dateien heraus hersteller workflow gebasteltwir haben version getestet
118,tether,insider phil rosen explains strangest latest development surrounding defunct firm founder bankman fried
121,tether,pleiten skandalen gezeichnete kryptow hrungsbranche kommt nicht ruhe gleich mehrere firmen beginnen jahr entlassungen
122,tether,highlight cool technology mentioned dark forest
123,tether,twitter announced free access likely bringing site popular account
124,tether,three winner year
125,tether,asset exchange wallet provider cryptocom announced delist world leading stablecoin canadian cryptocom recently emailed canadian customer notifying would supported
126,tether,world largest stablecoin market capitalization never received loan bankrupt lender celsius according chief technology officer paolo ardoino bitfinex exchange took twitter
127,tether,apple pencil samsung microsoft surface pretty great also expensive replace lose zooploop solves problem silicone loop around tablet case securely grip stylus
128,tether,link offered first affordable router archer even cheaper limited time sale
129,tether,submitted gabriel colinif looking reliable attach gear pouch even trayvax link provides strength convenience need link feature extremely simple efficient design
130,tether,name suggests studio cart video cart tethering cart cart studio studio grows need move thing around studio cart really help workflow obviously help move thing around
131,tether,verhaftungen darunter betreiber kryptob bitzlato melden rden beidseits atlantik bitzlato soll drogen segeld gewaschen haben
132,tether,netflix quiet western front prof surprise award season better time list guide reader favourite film language film reigned supreme nomination baftas week surprisingly
133,tether,dive right deep complicated market three popular well known easy understand
134,tether,grown popularity since collapse frequently reach daily transfer volume four five time recorded major competitor usdt according data blockchain analytics firm glassnode despite market
135,tether,nikon released version picture control utility studio detail nikon picture control utility version added support firmware version added support macos ventura version picture control utility
136,tether,heimliche macht kryptomarkt stablecoin nnen anleger kursgewinne anderen kryptow hrungen absichern doch gibt einige probleme
137,tether,post contains spoiler last video game series name
139,tether,well played fed next ransomware rampant strong password important
141,tether,vivianne castillo argues designer relationship hope outsized impact value research practice
143,tether,week morning train read raise rate say done think even say expects ongoing rate hike expect next move rate year morningstar boom time online classi
144,tether,rush first true game year contender delivering unforgettable rhythm action experience
145,tether,stablecoin usage continues climb hundred thousand user relying dollar pegged every
146,tether,highly volatile asset class many digital coin considered speculative invest safely volatile market
147,tether,coinspeaker demand usdc stablecoin skyrocket collapse following series event took place appears circle issued usdc stablecoin suddenly found favorite option among user according
148,tether,coinspeaker cryptocom delists usdt canadian following leading global exchange cryptocom announced decision delist usdt stablecoin canadian order comply instruction ontario security
149,tether,salvador faced tough year making legal tender country country legislative assembly voted pas historic digital asset issuance legislation expected stage issuing president nayib bukele
150,tether,jpmorgan jamie dimon previously slammed ponzi scheme thursday told cnbc squawk decentralised ponzi scheme hyped fraud dimon say people lost billion dollar belief
151,tether,leading financial institution moody corporation reportedly working scoring system stablecoins assessing quality reserve attestation bloomberg reported bloomberg citing person familiar matter repo
152,tether,sister wife robyn brown kody brown remaining wife sole reality blue light online right forum finally melted frontal lobe right ear said something misogynistic sunday season finale epi
153,tether,moody want build scoring system stablecoins market grows amid increased regulatory attention system provide rating system stablecoins based quality reserve attestation leading stablecoins market
154,tether,coinspeaker winter look thaw paving takeover coin eye coin eye coin glide passed million mark weekend currently presale coin gathered increasing legion
155,tether,price broke descending resistance line despite overwhelmingly bearish news firstly firm announced would delist usdt canadian order comply canadian security administrator day late
156,tether,paranoia turmoil industry caused liquidity bankruptcy scandal major digital asset service provider space began publicizing reserve fund latest join proof reserve trend indian
157,tether,former prime minister boris johnson reportedly received record breaking million million donation thailand based investor bitifinex parent company shareholder friday updated register interest reveals
158,tether,near trillion collapse market make dent traditional asset stock real economy academic warned failure major stablecoin could impact bond market marking
159,tether,japan regulation allowing investor trade using stablecoins usdt expected adopted later june according local financial authority financial service agency japan working lifting
160,tether,posted last week poll smartphone charging speed kept hour minute minute option evenly matched outpacing answer poll thing started turn
162,tether,latest distributed ledger column marketwatch weekly look important move news
163,tether,today nikon released version wireless transmitter utility support latest added support macos ventura version ended support macos catalina version
165,tether,flashback troubled army program
171,tether,benro preparing release tripod kickstarter called benro theta theta sort smart tripod biggest feature boast auto levelling tripod world first
172,tether,usdt visa mastercard
174,tether,video test fujifilm canon studio camera originally intended compare image quality fuji megapixel cropped sensor canon megapixel full frame sensor
175,tether,commenc soci distinctes dirig ancien chirurgien plasticien giancarlo devasini ancien enfant acteur brock pierce devasini velopper bourse bitfinex maintenant directeur financier
176,tether,algorithmic stablecoins controversial several reason trust
177,tether,since merge change blockchain
178,tether,wanted create simple accessory prevent golfer losing airborne said inventor sugar hill
179,tether,snoopy come home world famous astronaut splashed nasa artemis orion spacecraft december month later beagle removed capsule
180,tether,takiego czenia spodziewa picodi binance
182,tether,darpa want satellite closer earth drag resistance thermosphere mile mile planet darpa want earth orbit vleo orbit le
183,tether,usdt stablecoin issuer never borrowed celsius paolo ardoino said response statement celsius examiner report
184,tether,collaborates inhope disrupt illegal fund online exchange child abuse material
185,tether,york attorney general commodity future trading commission probe exposed previously unknown ownership structure
186,tether,today edition download weekday newsletter provides daily dose going world technology indian health care worker whatsapp save pregnant woman across india woman cadre million communit
188,tether,likely survive firm currency crash burn
189,tether,radware ddos passion passion killnet mirai venom
190,tether,climbing show produced jason momoa proof competition team effort
191,tether,move come quality stablecoin reserve continues receive scrutiny
192,tether,bien couverture cesse tendre faut avouer tout monde toujours enseigne heureusement solution existent pour dier parmi elles link teur routeur teur
193,tether,logan paul convinced fan invest million several project including cryptozoo liquid marketplace many lost money
194,tether,reached italian architect alfredo vanotti snug stone house italian countryside anticipate deep architect place would building used past stable
195,tether,usdc stablecoin issued circle seen transfer volume surge following fallout often recording daily volume leading competitor usdt issued boast market billion
196,tether,registered exchange ontario canada cannot list usdt regulatory prohibition
197,tether,council utility worker city dnipro seen dismantling giant statue previously placed centre city monument russian scientist
198,tether,pair north korean hacker group behind june theft million asset horizon bridge federal bureau investigation said monday statement
199,tether,move first expansion stargate beyond layerzero technology
200,tether,since depegging terrausd consumer become critical stablecoins work paolo ardoino chief technology officer popular stablecoin usdt break stablecoins work responds frequently
201,tether,eine kurzer dauer indische adani gruppe verliert nach angriff shortsellers hindenburg research weiter massiv wert leerverk ufer einen reichsten nner welt attackiert
202,tether,exchange huobi blocked fund tied hack monday morning
203,tether,need replacement dbal illuminator cover available black coyote brown ranger green wolf grey wooldand multicam multicam alpine multicam arid multicam tropic made laser berry compliant brookwood
204,tether,best casino offer unparalleled gaming experience much many punter abandoned traditional online casino stablecoin pegged united state dollar allowing avoid usual vola
205,tether,along degree camerawork well timed laughter whole alberta town came together make societal collapse feel true show version
206,tether,half price available online
211,tether,exchange said timing mismatch backing binance busd busd seemingly showing data stablecoin fully backed time
212,tether,hypergrowth cloud stock still room
213,tether,signing online casino
216,tether,move come canadian security administrator committed stronger oversight exchange following collapse
217,tether,algorithmic stablecoins terrausd accepted planned regulatory regime hong kong monetary authority said
218,tether,japan plan introduce regulation june year allow domestic investor trade certain stablecoins overseas
219,tether,gained nearly year world largest track best month since
220,tether,tanmay misra writes india looking become great power world stage ability seems draining within pravasi bharatiya diwas seek paper contradiction thing
221,tether,sistema incluir lise stablecoins base qualidade atestados reservas apoiam moody trabalhando sistema pontua para stablecoins token mais negociados setor cripto medida classe ativ
222,tether,week ebay plus deal
230,dogecoin,bucked wider downward trend meme token surged tuesday amid report elon musk plan twitter payment
231,dogecoin,prospect part twitter payment ecosystem ramped meme coin gain january
232,dogecoin,floki another shiba themed token named musk soaring plan burn token remove circulation
233,dogecoin,surge rally intact analyst say could awaken dormant long term bull benzinga
236,dogecoin,twitter owner elon musk long flirted ever integrated platform
237,dogecoin,charge dragging market floor electrifying bonk meme coin
238,dogecoin,little inherent value mostly driven hyped narrative pushed online market participant recent report state
239,dogecoin,warren buffett year business partner called wild speculation dearth regulation predatory nature industry
240,dogecoin,eigentlich wollte justiz hunderte eines gest ndigen geldw schers beschlagnahmen doch sein bruder konnte sich kryptogelds chtigen
241,dogecoin,learn out starting ending whether consider investing
242,dogecoin,meme token seeing support important backer today
243,dogecoin,valued higher coinbase time panic
244,dogecoin,year fundamental catalyst supporting rise
245,dogecoin,latest distributed ledger column marketwatch weekly look important move news
246,dogecoin,investor think long hard investing speculative token
247,dogecoin,global exchange kucoin offer multiple payment option nfts trader limited access
248,dogecoin,rose today investor upbeat trajectory interest rate
249,dogecoin,three large token feeling effect uncertainty related selling pressure today
250,dogecoin,arrest exchange investor rattled market
251,dogecoin,market pleased result federal reserve meeting concluded yesterday afternoon
252,dogecoin,probably seen dozen example chatgpt using generative training transformer deep learning system current model genuinely impressive google search job search
253,dogecoin,data reveals meme token fastest asset decreasing carbon emission according report foreign exchange data aggregator forexsuggest third fastest digital asset lowering carbon
254,dogecoin,verhaftungen darunter betreiber kryptob bitzlato melden rden beidseits atlantik bitzlato soll drogen segeld gewaschen haben
255,dogecoin,broad surge coin token compounded renewed interest coin
256,dogecoin,noviembre registr picado llevando precio reconocida criptomoneda debajo lares asemejando precio niveles finale resultaba sorprendente esta cifra estab
257,dogecoin,registered monthly high january market remained bullish rallied last day reaching monthly high leading meme coin attracting heavy bullish sentiment
258,dogecoin,inflation data december line expectation
259,dogecoin,reporting transaction tax important ever expert right
260,dogecoin,cooled today good start
261,dogecoin,macroeconomic factor driver come right
262,dogecoin,major trading higher wednesday evening global market rose billion also best hold matter traded higher tandem stock
263,dogecoin,cours maintient euro depuis vendredi hausse surprend investisseurs dans contexte plut morose pour march
264,dogecoin,reclaimed friday afternoon reach month high eclipsing thursday rise came attorney bankrupt exchange announced recovered billion liquid asset binance coin
265,dogecoin,whale existence eyeing rival shiba shib according chain data keeping track biggest whale network blockchain tracker service whalestats say shib third largest holding among
266,dogecoin,investor moving interest snowfall protocol recall incredible run shiba shib spring token built strong community powered watering return lot millionaire
267,dogecoin,rose week high saturday price rose resistance level start weekend meme coin climbed strongest point since december global market mostly green today session avalanche
268,dogecoin,monday elon musk surprised everyone news twitter started applying regulatory license enter payment business sent price soaring previously reported rumor
269,dogecoin,themed meme appears enjoy strong tie tech billionaire twitter owner elon musk appears struggling gain enough ground major upward swing peaking january fell victim price
270,dogecoin,themed memecoin soaring news spread elon musk reportedly making move could bring payment twitter according financial time twitter applying regulatory license throughout united state
271,dogecoin,ever wanted piece meme history could soon luck couch original meme inspired logo coming auction block could unique piece
272,dogecoin,shiba emerged successful meme coin head head competition shiba team working relentlessly different project community even though best year cryptoc
273,dogecoin,elon musk wake dormant wallet earlier today ancient address inactive year made move address entailed worth huge number caught communit
274,dogecoin,market recovery began day starting show first sign weakness majority asset short term stalemate however enormous volume spike return liquidity market could sign upcomin
275,dogecoin,report gary james harmon pleaded guilty january stealing international revenue service valued approximately million time part plea gary harmon also agreed forfeit crypt
276,dogecoin,billionaire want fast food chain accept payment burger
277,dogecoin,tuesday morning train read declining interest rate responsible stock growth declining interest rate responsible stock growth least extreme interest rate change always determine investm
279,dogecoin,early bonk already investor barking meme coin rally
280,dogecoin,market roaring start wall street feeling groove meme fuelled retail focused trading many way epitomized pleasure pain whipsaw back look favorite
281,dogecoin,themed built smart contract platform solana surging despite ecosystem recent struggle bonk bonk shiba shib rival seen significant gain since debut december
282,dogecoin,breach financial promotion guideline lead year prison sentence according regulator
283,dogecoin,forklog
287,dogecoin,meme coin whopping peak
288,dogecoin,article high level overview stateful utxo model invented work allows stateful utxo model sutxo main innovation brought
289,dogecoin,power influencers affecting public perception therefore causing alteration value product service asset currency increased point crash uplift entire market content take
290,dogecoin,market remain green consecutive day monday tuesday reached mark solana cardano rally double digit spike bringing change pace overall enthusiasm seems
291,dogecoin,shiba price went parabolic wednesday reached high november developer wrote upcoming shibarium launch shiba shib price went parabolic investor reacted latest development shibarium launch shib
292,dogecoin,robinhood hold roughly million worth shiba shib listing token robinhood hold billion worth asset virtual machine chain interestingly enough grogan claim roughly tagg
293,dogecoin,market outflow billion last hour currently stand billion billion reporting period market decreased
294,dogecoin,paranoia turmoil industry caused liquidity bankruptcy scandal major digital asset service provider space began publicizing reserve fund latest join proof reserve trend indian
295,dogecoin,since introduction inspired explosion alternative coin altcoins number want invest option diversify holding
296,dogecoin,data reveals shiba shib holding world largest whale grown hundred million dollar le week according whale surveying platform whalestats whale gobbled
297,dogecoin,market inflow billion last hour currently stand billion billion reporting period market grew billion billion
298,dogecoin,experienced massive uptick floki voted burn trillion token price floki floki surged past hour according provided coinmarketcap token market surpassed million
299,dogecoin,former chief executive exchange bitmex arthur hayes warned disastrous global financial meltdown could crash price market
300,dogecoin,chair jerome powell give speech tomorrow deliver shock wake call stock market
301,dogecoin,former chief executive exchange bitmex arthur hayes warned disastrous global financial meltdown could crash price market
302,dogecoin,network validator give update launch date shibarium public beta testnet launch shib benefit greatly launch adoption bound rise possibly send price shiba market laun
303,dogecoin,following overall decline market cardano recorded year coin fell four week bearish impact lost value fall december volatility remains notable attribute
304,dogecoin,performs poorly elon step twitter litecoin mweb upgrade year snowfall protocol performed well presale stage elon musk broken silence response user poll twitter asking whether
305,dogecoin,coinspeaker winter look thaw paving takeover coin eye coin eye coin glide passed million mark weekend currently presale coin gathered increasing legion
306,dogecoin,price solana based meme coin sensation bonk bonk lost momentum appears though current hype surrounding token gradually clearing data coinmarketcap showed though coin trading price
307,dogecoin,trillion shiba shib worth million moved unknown wallet late thursday happened come hour later shib developer shytoshi kusama confirmed discord channel goal shibairum burn trillion
308,dogecoin,price remained mostly flat market opened wednesday trader await federal reserve interest rate decision comment subsequent press conference afternoon fell around accordi
309,dogecoin,projekt einem lieblinge krypto szene bernahme twitter durch tesla chef elon musk befl gelt kurs hype lohnt sich investment
310,dogecoin,projekt einem lieblinge krypto szene eine neue twitter ndigung tesla chef elon musk befl gelt kurs erneut hype diesmal lohnt sich investment
311,dogecoin,upgrade token listing sent shib token another nice rally past weekend
312,dogecoin,surged saturday amid optimism bottomed inflation peaked
313,dogecoin,room
314,dogecoin,market capitalization dropped past hour following decline equity market
316,dogecoin,biden administration said congress need step effort regulating market
317,dogecoin,biden administration said congress need step effort regulating market
318,dogecoin,rise analyst say killer still chance survive benzinga
321,dogecoin,analyze business strategy popular stock might find company
322,dogecoin,major suddenly leaped higher trading sideways last week
323,dogecoin,major rocketed higher week adding almost billion combined market betting rally getting started
324,dogecoin,investor excited upcoming launch shibarium
325,dogecoin,hablar criptomonedas hablar promesas promesas siempre cumplen lleg hundirse niveles perdiendo mitad valor arrastrando consigo enorme crisis dentro territorio cripto pero todo baja puede
326,dogecoin,mining limited nyse btcm mining company company leading technology driven mining company today
327,dogecoin,algorithmic stablecoins controversial several reason trust
328,dogecoin,since merge change blockchain
329,dogecoin,called killer surged almost last month blockchain debut
331,dogecoin,article present view invest click pick security avoid
332,dogecoin,price reclaims asset recovery investor investor business daily
333,dogecoin,inspired digital token start year
334,dogecoin,gotten pretty good start horrid year
335,dogecoin,momentum might accelerate year sizzle could also fizzle
336,dogecoin,musk backtracked accepting payment tesla believed even though created silly joke better suited transaction
337,dogecoin,recent achievement alongside active community case could position meme coin viable financial instrument
338,polkadot,blockchain much different position year external factor incoming regulation broader market trend play significant role project deserve substantial backing
339,polkadot,vishal chawla block
341,polkadot,highest potential profit today might surprising direct investment future business online
342,polkadot,plunging price chart fool credible plan long term growth
343,polkadot,arrest exchange investor rattled market
344,polkadot,large token finally
345,polkadot,three large token feeling effect uncertainty related selling pressure today
346,polkadot,global exchange kucoin offer multiple payment option nfts trader limited access
347,polkadot,three name smaller le mainstream look long term winner robust business prospect
348,polkadot,riding wave since start broader market rally according coingecko biggest gainer entire space altcoins among although token finding gain past week
349,polkadot,large token giving back gain accrued month
350,polkadot,smart investor keep vital stock industry grows money flow started essential stock heart
351,polkadot,multichain blockchain ecosystem shown exciting project space racking string impressive achievement final month fourth quarter ecosystem report polkado
352,polkadot,speculative investor market putting long hour trying predict coin greatest price appreciation beyond analyst however anticipate polygon matic solana orbe
353,polkadot,launching cross chain transfer protocol mean snowfall protocol cross chain bridge circle founder usdc launching chain utility allow user transfer usdc
354,polkadot,coin bureau host turner optimistic cosmos atom boom next bull citing report electric capital turner tell million youtube subscriber layer blockchains able
355,polkadot,market remain green consecutive day monday tuesday reached mark solana cardano rally double digit spike bringing change pace overall enthusiasm seems
356,polkadot,clothes saint laurent fall winter menswear show impeccable crowd january slew tastemakers list actor world darling gathered paris bourse commerce witness high fashion spect
357,polkadot,rush buying liquidation spike asset today
358,polkadot,according cardanoscan cardano blockchain user binance busd stablecoin without switching network move made possible finitum bridge newest token network fmbusd finitum bridge wrappe
359,polkadot,started fresh increase support dollar correcting gain indicator suggest high chance fresh increase holding ground level dollar price
360,polkadot,disclaimer datasets shared following article compiled online resource reflect ambcrypto research subject last week showed comparatively tendency cause price inconsis
361,polkadot,bear relinquish brief dominance paving bull extend rally first half january observed cardano among blockchain network highest development activity fast forward present cardano manag
362,polkadot,quickly rebounded friday hong kong falling mark news consumer price index inflation indicator rose december year earlier matching expectation
363,polkadot,hlte chsten bewerteten kryptow hrungen jahr lohnt sich anleger investment
364,polkadot,ether rose thursday afternoon trading asia along stablecoin investor anticipate sign
365,polkadot,mundo criptomoneda experimentado aumento popularidad ltimos cada persona recurren formas digitales
367,polkadot,ether little changed muted morning trading wednesday asia stablecoin moved
368,polkadot,edged higher resistance line ether traded little changed mixed early morning trading asia tuesday
369,polkadot,sidechains would make cardano scalable without compromising stability security main chain developer said
370,polkadot,foundation creator multi blockchain protocol taken twitter amplify claim token security
371,polkadot,kusama parachains allow user make secret payment
372,polkadot,businessman took beloved garden decade decided radical approach name sustainability angry critic claim plain neglectjohn curtis enemy run sized botanical garden
373,polkadot,ether fell wednesday morning trading asia along stablecoin investor seemed taking
374,polkadot,took fiasco scaring developer away otherwise promising blockchain system
375,polkadot,developer mainly focusing alternative ecosystem helping grow faster firm said report
376,polkadot,highly volatile asset class many digital coin considered speculative invest safely volatile market
377,polkadot,provides among several blockchains user maintaining high scalability speed processing transaction also known multichain network support many parachains enabling developer build blockchai
378,polkadot,price posted significant gain last week showed recovery chart altcoins also moved direction moment however trying breach immediate resistance past
379,polkadot,finally managed break past rigid price resistance mark last hour increased past week coin secured double digit gain related reading price climb hurdle
380,polkadot,rise analyst say killer still chance survive benzinga
383,polkadot,plataforma investimentos criptoativos pactual anunciou nesta sexta feira mais
384,polkadot,surging past altcoins riding broader rally started since beginning according coingecko token trading risen past hour
385,polkadot,inched ether slipped tuesday afternoon trading asia trading lower
387,polkadot,data santiment show number market past month based development activity development activity last day according data chain analytics firm santiment
390,polkadot,auto giant technology developed hackathon increase business efficiency
391,polkadot,riding wave since start broader market rally according coingecko biggest gainer entire space altcoins among although token finding gain past week
392,polkadot,heimliche macht kryptomarkt stablecoin nnen anleger kursgewinne anderen kryptow hrungen absichern doch gibt einige probleme
393,polkadot,ushered first week strong note rising last seven day data coingecko show wednesday ecosystem bullish recently following trend market according polkado
394,polkadot,price breached resistance mark past trading session last hour appreciated price surging caused altcoins also move upward respective chart
395,polkadot,green image going steady could hint price recovery even though funding rate plunged showing improvement time writing quick look price movement
396,polkadot,price started note fall daily chart could stay price significant altcoins followed suit descent chart last hour lost market value
397,polkadot,started fresh increase support dollar correcting gain indicator suggest high chance fresh increase holding ground level dollar price
398,polkadot,aptos star studded founder market disbelief rally could fuel rise price
399,polkadot,open source software developer activity peaked last june fell december according annual developer report
400,polkadot,bloomberg extended decline snapping rare winning streak mood caution supplanted risk appetite drove
401,polkadot,moeda acumula valoriza quase apenas janeiro xtage plataforma criptoativos ampliou portf criptomoedas passou negociar tamb moedas nativas ecossistemas cardano litecoin solana
402,polkadot,based astar network recently announced first blockchain hackathon sponsored japanese toyota motor corporation hakuhodo company founded astar hakuhodo japan largest advertising company host
403,polkadot,bloomberg hashkey capital raised million create asia biggest investment pool betting rebound industry
404,polkadot,toyota getting involved hackathon astar network tool could improve vehicle manufacturing operation
405,polkadot,recent report dappradar revealed last year gaming centered decentralized application rivaled defi dapps many major blockchains
406,polkadot,trong chuy giai
407,polkadot,tradfi forex model incredible aging chance system leveraging defi capable best
408,polkadot,saat ekle blockchain talk serimizin canl nyas neler bekliyor sorusunu tlayaca sizlere daha aktarm
410,polkadot,research revealed best worst sentiment past three month uniswap near protocol sandbox found positive sentiment past three month solana chainlin
411,polkadot,started fresh increase support dollar consolidating gain might start fresh rally holding ground level dollar price trading
412,polkadot,riding solid bullish momentum enabled stay green past hour maintain significant gain last seven day according tracking coingecko time writing changing hand
413,polkadot,hashkey capital global asset manager specializing blockchain announced today final closing third fund hashkey fintech
414,polkadot,auto giant technology developed hackathon internal
415,polkadot,ether traded mostly little changed friday morning strong week price mixed
416,polkadot,aviv israel february chainwire israel successful business come together organize first annual ethtlv february aviv inaugural event aim invigorate country thriving
417,polkadot,swing decentralized cross chain liquidity protocol announced today launch widget software developer enables cross chain
418,polkadot,lovevery global early childhood brand today announced launch stage based subscription play kit program australian market
419,polkadot,going allow asset move blockchains without high level risk inherent bridging
420,polkadot,data santiment show number market past month based development activity development activity last day according data chain analytics firm santiment
421,polkadot,alephzero added parachain alephzero zksnark based added parachain network addition could likely improve state ecosystem however despite
422,polkadot,serious developer fazed crippling price developer count increasing throughout according recent report
423,polkadot,twitter cashtags feature expanded ether includes another market capitalization
424,polkadot,currently staking available asset yield reportedly ranging
425,polkadot,aviv israel february chainwire daovoz collective excited announce inaugural daovoz aviv event february part festivity surrounding building block event focus need builder
426,polkadot,work across chain smart contract fungible token nfts also support communication network different consensus mechanism founder gavin wood announced finally merged
427,polkadot,none ecosystem weekly digest revealed major update happened network none performance metric price front promising published latest edition ecosystem weekly digest january
428,polkadot,data santiment show number market past month based development activity development activity last day according data chain analytics firm santiment
429,polkadot,manga camiseta primer equipo activos club azulgrana lleva tiempo intentando rentabilizar nivel econ mico propuestas diferentes compa club para cerrar acuerdo sucediendo desde lleg
430,polkadot,going steady could hint price recovery even though funding rate plunged showing improvement time writing quick look price movement price weekly
431,polkadot,indigna invazia declan edintele vladimir putin trimit sume semnificative ban prin intermediul conform adjunctului ministrului ucrainean transform digitale alex borniakov relateaz yahoo finance
432,polkadot,since pioneered concept number blockchains sprung existence development smart contract blockchains cardano polygon previously matic resulted
433,polkadot,riding solid bullish momentum enabled stay green past hour maintain significant gain last seven day according tracking coingecko time writing changing hand tallying weekl
434,polkadot,comenzado febrero pero enero registr grandes hitos lider ranking blockchains mayor desarrollo acuerdo datos proofofgithub kusama liderado actividad desarrollo diario
435,polkadot,platform seen release since start week twitter announcement gavin wood creator say exactly month development version emerged enables brid
436,polkadot,released version cross chain messaging format cross consensus messaging enhances different blockchains ecosystem code update successfully merged master branch
437,polkadot,last day highest number development activity user activity chain climbed period emerged leading blockchain term development activity according santiment network reco
438,polkadot,ecosystem weekly digest revealed major update happened network performance metric price front promising published latest edition ecosystem weekly digest january highl
439,polkadot,upcoming development growing number stakers could also drive interest according recent data provided consumed least amount electricity compared market friendlin
440,polkadot,development activity increased revenue declined stakers network remain undeterred volatility presented buying opportunity development activity soared past month token terminal reported january
441,polkadot,emelkednek kriptovalut amerikai infl adat kedvez fordul befektet hangulat zepette ezer doll felett amire napja volt
442,polkadot,second highest development activity price heavily disappointed since recovered lately face resistance correct downwards buyer struggling break tech
443,polkadot,provides among several blockchains user maintaining high scalability speed processing transaction also known multichain network support many parachains enabling developer build blockchai
0,bitcoin,price update follow recent price update ismrzw
1,bitcoin,failed mine network doc tell kid fail mine omega coin uzhjvusazb
2,bitcoin,ninaturner living wage inflated away
3,bitcoin,stop thinking ordinal money fungible associating different rarity rdlib dooz
4,bitcoin,fungibility equal difference another case djdxbnlv
5,bitcoin,jackfsweeney rule mention first date breathe bxxtsegrg
6,bitcoin,toni salvage trading look healthy double bottom imploded intrinsicly vownw
7,bitcoin,petermccormack save
8,bitcoin,donithedon annoying work
9,bitcoin,price price price efppjzkswg
10,bitcoin,resistance support cryptotrading kxnmvb
11,bitcoin,borderless transaction sent anywhere world instantly fee without
12,bitcoin,russia largest private bank launch digital asset platform news qash yzcatic
13,bitcoin,went salvador picture amazing trip looking forward taking world ziydkj
14,bitcoin,free market pissed free market action larp
15,bitcoin,mempool fee summary second mean median quant xwmxehd
16,bitcoin,mempool summary last second mean median quant sfniecmt
17,bitcoin,spotted poland
18,bitcoin,bankman fried entity owns robinhood stake go bankrupt visit website full analysis hsgglutxm
19,bitcoin,goldenseries opensea aiia aiartwork artshare aiartcommunity nftproject nftcollector ether gokv
20,bitcoin,transparency transaction recorded public ledger called blockchain making possib jafr
21,bitcoin,possible narrative sbigpifc
22,bitcoin,entering short zone bearish turtle formation blockchain ssflqrqykg
23,bitcoin,price update follow recent price update altcoin
24,bitcoin,badger digitalcrypto stillgray personally felt forced mean urmm
25,bitcoin,zrrkx
26,bitcoin,shoe rekt comment virus virus cant stopped
27,bitcoin,american business intelligence company microstrategy recorded another quarterly loss calculating valu
28,bitcoin,biggest mistake made last cycle believing narrative clock
29,bitcoin,robholz michaelm yogi stealyoredbull probably cause hashtag full scam udwzelk
30,bitcoin,binancecoin price update altcoin tkkh
31,bitcoin,money root societal level problem nearly every problem hear bxpbtubslz
32,bitcoin,flipped
33,bitcoin,seen bottom bear cycle difficult hold least
34,bitcoin,method unusual whale cbdc massive threat proxy current fiat system vcwq
35,bitcoin,whole situation really make want succeed
36,bitcoin,nuttero streaming sat cswright joelkatz likely retrieves key
37,bitcoin,idea also working range rejected bottom fine mhxfoct
38,bitcoin,coinbureau whalechart coming year britain cbdc
39,bitcoin,price jump last minute
40,bitcoin,storj storj chart showing accuracy signal profit month aanpeivzdc
41,bitcoin,security transaction secured using cryptography making difficult falsify reverse prfrn
42,bitcoin,specter specter wallet likely easiest multisig srakubklow
43,bitcoin,especially relevant community elsalvador day wolf sheep clothing mkiigr
44,bitcoin,btcusdt macd cross uwafrnlnyg
45,bitcoin,second best part mtxamvsa
46,bitcoin,ericschmittnyt surprise resiliency isi world telegram cheap pogvj
47,bitcoin,badcharts danheld go beyond charting
48,bitcoin,trade nothing except
49,bitcoin,goldenseries opensea aiia aiartwork artshare aiartcommunity nftproject nftcollector izscmx
50,bitcoin,neji found white vault location join playing coinhuntworld awesome pqfoifhmuz
51,bitcoin,maxi happens side hyperinflation buy bag soon pglbmgbmkd
52,bitcoin,people changing mind left right come value
53,bitcoin,dollar intraday downside prevails long resistance uqthjzfqp
54,bitcoin,price naks naks millionth qyuj
55,bitcoin,traditionally best quarter february march likely bull qsdtgcwew
56,bitcoin,zerohedge ransom ware paid lmao
57,bitcoin,barusdt signal last signal min volume chng gzcatkfjyw
58,bitcoin,slice wisdom delivered inbox weekly
59,bitcoin,bitbull exchange backed advanced digital financial infrastructure world securit osbjxa
60,bitcoin,sovmindset truly appreciate topic bring table often time hear nlbcmka
61,bitcoin,donation platform let send directly people wallet need kind yqga qhzep
62,bitcoin,price update follow recent price update axwblxf
63,bitcoin,idea storing image file blokchain anti censorship nature part utjghwqlm
64,bitcoin,bitpaine paxbi opensea hold nfts ipfs hold ekigoqo
65,bitcoin,thebitcoinconf wrong look happening likely pyramid scheme reach xwgyo
66,bitcoin,think talk sentiment wane feasible however seems strong support level gtsvji
67,bitcoin,hello short burned unlikely stay level long sure remind people igykjcqxvw
68,bitcoin,operates decentralized network meaning controlled single enti utinscbx
69,bitcoin,right personality trying drum support
70,bitcoin,vitamin smashbaals think believe first also think able xbuwbpjj
71,bitcoin,account hacked help datascience datascientists innovation
72,bitcoin,network moved position topped list followed twitter accou bsuhfcm
73,bitcoin,bestask exchange wazirx price bestbid jjbw
74,bitcoin,today corz daily self mined last reported hour period corzq mfqwbxqsya
76,bitcoin,give openly need free free giveaway date link decl
77,bitcoin,offer several advantage traditional fiat currency
78,bitcoin,igorlenterman good guy
79,bitcoin,week chancellor brink dalio jack frrsklb youtube
80,bitcoin,digital currency unstopable ripple ether money ijjb
81,bitcoin,latest edition tokyo news amazon join mint defense update nfts file hyntevao
82,bitcoin,green pump people shaken overleveraged longs hlvsrse
83,bitcoin,binancecoin price update altcoin bcewasbsnm
84,bitcoin,select altcoins resume rally despite february slump
85,bitcoin,claiming free lightning sat bitcoiner zesty faucet boltcoiner unlock ejsiva
86,bitcoin,help social medium snapchat instagram whatsapp gmail datascience flpgdcmuq
87,bitcoin,short term bottom index bear market zone price tmar
88,bitcoin,petermallouk fix
89,bitcoin,stevedabitcoin
90,bitcoin,look solid yklw
91,bitcoin,current price
92,bitcoin,earnwithbm
93,bitcoin,darkfi chance explode usually indicate cryptos bold project guag gous
95,bitcoin,find looking kismet coin rqblcbj token aohl
96,bitcoin,belisarius cswright joelkatz fake
97,bitcoin,powerful reversal pattern wait made clue anyone else mhwtkyyvbs
98,bitcoin,today corz daily self mined last reported hour period corzq
99,bitcoin,davincigraph utility nfts available sale jofesqkozk habr hbarnft hbarbarians kzftcp
100,polkadot,academy school buenos aire argentina kaidoh
101,polkadot,qodafinance defi lending borrowing protocol built moonbeam network best feature hybrid arvwyb
102,polkadot,future ready dive decentralized world bridging multiple blockchain wehaf xpsc
103,polkadot,specialist rank bitgert brise forward promising coin oorr
104,polkadot,market ether biggest winner among cryptos iqko
105,polkadot,beamswapio polkadotfam nice
106,polkadot,excited project according project good good potential afdjziogcg
107,polkadot,coin mention past hour graph ppjjb
108,polkadot,juchkuduk pavnkvmr arya amsha king aryan never approve butter chicken kulcha
109,polkadot,beamswapio thank great edition
110,polkadot,qodafinance defi lending borrowing protocol built moonbeam network best feature hybrid bwhsija
111,polkadot,pink clothing made romper design
112,polkadot,combined long liquidation last minute bybit binance huobi
113,polkadot,improve cosmos make cosmosibc generic cosmos hello
114,polkadot,quainetwork cool since interesting quai
115,polkadot,booklu nearprotocol think near good
116,polkadot,challenge faced moonbeam competition many compatible ffvri
117,polkadot,advantage moonbeam offer moonbeam make easy dapp developer bring dapps polkad npvdl
118,polkadot,moonbeam layer compatible blockchain built using substr njpprgq
119,polkadot,qodafinance defi lending borrowing protocol built moonbeam network best feature hybrid cwwbmkhhe
120,polkadot,auction hit call binance signal trading puqda
121,polkadot,qodafinance moonriver moonbeam kusama qodex excatly bank people borr uzhexuseju
122,polkadot,yeah miami stellaswap blockchain quantummiami quantummiami cryptok hhvbthl
123,polkadot,hit call binance signal trading zcalooefrh
124,polkadot,stellaswap gavofyork explain difference pulsar amku mvkp
125,polkadot,qodafinance glad happy part beautiful community awesome project soon mjhsxr
126,polkadot,bullish newer blockchain technology cardano ergo gxbs
127,polkadot,qodafinance defi lending borrowing protocol built moonbeam network best feature hybrid yoixduziye
128,polkadot,first position leader board test instance legendary avatar unbelievable xvdsjw
129,polkadot,really cool strong project great facility hope project achieve success kxkztsfaeg
130,polkadot,pavnkvmr arya amsha hahahaha punjabi even found funny
131,polkadot,zeitgeistpm winning parachain paraid ebldoc
132,polkadot,whole dwtc found summer junipyro used capsule nyyo
133,polkadot,cryptocito cosmos avalancheavax good video interesting audience
134,polkadot,qodafinance excited launch moonriver great news everyone many many thanks todzaide
135,polkadot,nickwh line drawn cosmoshub celestiaorg get individual interchain security line
136,polkadot,subwalletapp kusamanetwork polkadotnews polkadotters
137,polkadot,qodex worthy interesting project help community communicate currency unique creat xjlxe
138,polkadot,qodafinance project really happy part team project strong soon moon qoda pfdgnkk
139,polkadot,thekusamarian nickdouz ajunanetwork many thanks thekusamarian nickdouz awesome interview well qglwah
140,polkadot,qodafinance platform concept great future experienced team always working behind project wqok
141,polkadot,altcoindailyio every time
142,polkadot,state live link free quarterly report nickdgarcia tweet belo ckfq
143,polkadot,hawk tip multiple website cross research efficiently research symbol install zcrzwm
144,polkadot,investor discovery waterdripfund invests innovation project blockchain field proj jvlpvh
145,polkadot,apollo apollo associated light inspiration
146,polkadot,since love breakfast champion
147,polkadot,lovennft ordered shroom chocolate bar trip bar night hzxcgca
148,polkadot,qodafinance defi orderbook exchange hybrid unsecured secured fixed interest rate loan built
149,polkadot,qodafinance amazing project love amazing concept extremely well developed professional team
150,polkadot,vidt hit call binance signal exgomn
151,polkadot,qodafinance project look amazing always happy watching project grow success alway xvbu
152,polkadot,read soon chain coin world overtaking pscfv
153,polkadot,outlook solid opportunity short lose range high nice confluence mzsvdd
154,polkadot,qodafinance trusted defi project project goal intersting found defi project deferent scnbrvq
155,polkadot,attention enthusiast trending altcoins moment binance coin kraukexl
156,polkadot,look equivalent building good come prepa uyisrzjo
157,polkadot,daily flip reject
158,polkadot,qodafinance launched moonriver network great news usdc token available transactio
159,polkadot,solana gun barrier bull buisbxf altcoinseason nfts txbdsfar
160,polkadot,krizzblo team member theunitnetwork mjlaya
161,polkadot,qodafinance project concept unique good flow project define make project nice ihyf oijok
162,polkadot,qoda finance live moonriver network protocol launched market usdc announc tkqhonu
163,polkadot,qodafinance exciting news qodafinance launched moonriver network connecting moonbeam zbthfx
164,polkadot,exciting news qodafinance launched moonriver network connecting moonbeam wdrasbn
165,polkadot,beamswapio glmrapes finance legit want another albt
166,polkadot,opinionated canto model leave governance token grift behind onchain infra zguw
167,polkadot,beamswapio glmrapes glmrjungle great partnership let grow moonbeam step step
168,polkadot,hit call binance signal trading avvkswbq
169,polkadot,skill land tech industry ibcmedia join discord platform nwyop
170,polkadot,february qodafinance launched moonriver network orderbook style marketplace exchange loan shsl
171,polkadot,learn online advance career course programming coding ibcmedia join ukyaa elko
172,polkadot,nouvel event dotsocial paris march network fellow developer enth hfjesmvf
173,polkadot,hit call binance signal trading qplurelw
174,polkadot,great project future sure project compete project keep supporti pvvire
175,polkadot,trend commits active devs iughdj
176,polkadot,qodafinance defi lending borrowing protocol built moonbeam network best feature hybrid ptpv
177,polkadot,qodafinance launching soon moonriver great strong project trust miss oqvudv
178,polkadot,member cross chain ecosystem phala provides high quality service enables possibility
179,polkadot,infrastructure scaling solution key mass adoption keep cosmos solana
180,polkadot,benchmark sample validators commission collected reward last era selecti gkpc wysvq
181,polkadot,maximize return save time expected annual return benchmark
182,polkadot,daftaryneel also polk helping solve governance issue enabling ecosystem govern
183,polkadot,someone please share post source nakamoto coefficient listed sueynh
184,polkadot,bearish cross confirmed chart crossing information toxgvsrskc
185,polkadot,upon expiry contract december usdcdec token redeemable underlyin orvdj
186,polkadot,daily market review binance cardano matic ozmhdoli
187,polkadot,qodafinance defi lending borrowing protocol built moonbeam network best feature hybridover ohqv
188,polkadot,qodafinance exciting news defi community qodafinance officially launched moonriver network jicoxb
189,polkadot,qodafinance officially launched moonriver network bringing innovative solution table sohgfqvpmz
190,polkadot,moonriver moonbeam kusama qodex qodafinance qoda protocol defi lending borrowing protocol lojm uwcwr
191,polkadot,february qodafinance launched moonriver network orderbook style marketplace exchange loan deoy
192,polkadot,wadecance mrjacklevin ackebom jarosciak rjmark verasity xenczar xenheadsnfts realflokiinu eokogfh
193,polkadot,ctxc hit call binance signal trading qxpj tobpy
194,polkadot,moonriver moonbeam kusama qodex qodafinance project wonderfull project team programe ojdle utwh
195,polkadot,qodafinance hashtags moonriver moonbeam kusama qodex meeraj kriyan viti
196,polkadot,jasmy hit call binance signal trading tzlqw caln
197,polkadot,much money would today invested year ifthlqho
198,polkadot,exchange good joint first time openion think best qodafinance krmi pryrd
199,polkadot,putting game logic chain nfts ajuna game chain space monkey reddit yvidbplmr
200,tether,still issue withdrawing fund wallet send message fastbitra
201,tether,still issue withdrawing fund wallet send message fastbitra whvcg ioam
202,tether,felt twinge chest disturbing jolt realized panic wake onmx
203,tether,macrolife watrsabve believe ploy people eeieegroz
204,tether,used smart contract biggest whale today luna wormholecrypto ptvxrucu
205,tether,kalahkay smell
206,tether,munnybagshawty charlotte come
207,tether,unclelukereal unclelukereal black american brought game
208,tether,stats coin hjyn mpzm
209,tether,biggest loser trueusd tusd coin usdc nexo nexo usdt
210,tether,tell must live slippery mind want know
211,tether,usdt price change market ranking usdt
212,tether,paoloardoino thank
213,tether,bovada casino getbullish
214,tether,unclelukereal look another disingenuous space hosted lying black american
215,tether,still lying black american tether gonna xopklf
216,tether,usdt price comparison wazirx usdt forex difference ztxk
217,tether,hello
218,tether,reminder market token blockchain usdt vyvrex
219,tether,active pet harness seatbelt car truck travel belt small large dog mqtrpv idml hmtfm
220,tether,ipaspalski gavofyork yeah sure pulsar give option choose ovwf
221,tether,price price price zmge
222,tether,nfer gavofyork juiced
223,tether,jack harlow hell vqbip
224,tether,johnlew betfred trying blocked think odds wrong
225,tether,crystal ball exposing biggest secret mseabe
226,tether,donaldjtrumpjr pelosi house
227,tether,blanchflower mrjamesob never revolution overthrow elite many nation aeff escd
228,tether,price solana binance coin cardano coin ripple inmjoyz
229,tether,hobbyshoptech ball king grade
230,tether,price price price cujftql
231,tether,crimlawuk government stoop scumminess corruption know bound
232,tether,mrjohnnicolson please could someone straight give johnson loan oqiuly
233,tether,burner please shut laayz akkkotzs making lousy fleeing african look
234,tether,goldpearl jkmccrann berlin bridge sure anything current relevancy fqjcwo
235,tether,forecast usdt rank price fallen price volatility fvunokeh
236,tether,jimmycoops exactly bastard government want
237,tether,brothahassan haitian revolution apart black history month stop vtpkyeng
238,tether,cleeeees read fight please stand depending bait partner oxpk
239,tether,woofkoof krassenstein marcorubio real leader would captured study ballonists could pqntr
240,tether,still issue withdrawing fund wallet send message fastbitra usuxnr
241,tether,still issue withdrawing fund wallet send message fastbitra puyi
242,tether,ghaukne wifeyalpha fair counterpoint think happen hurt short term tomwwyvdzx
243,tether,wifeyalpha respectfully people calling unwind year maybe flkzwuljap
244,tether,stats coin todmgxi
245,tether,bullish jasmy moon jasmy community bullish binance mexc coinbase kucoin
246,tether,roliy depends authority around shutting fraud lack backing euipjceo
247,tether,ghaukne wifeyalpha binance traditional bank trouble ogyww
248,tether,usdt price change market ranking usdt
249,tether,planettyrus potus used balloon could find enough string kite china
250,tether,ever weird rhythm stranger going grocery store together every single sucjqfsvua
251,tether,blockvvenus rtadragon reeve collins blockv smartmedia tech zhsxzl
252,tether,benshapiro claimed would aggression made actually hoped onqjwwwbrj
253,tether,fractional reserve banking real think keeping alive mstr
254,tether,lord enki ryan thebabylonbee lightning network really care vztnasw
255,tether,skin letting fester
256,tether,troylindsey ryan thebabylonbee without mass transaction different company able create wgac
257,tether,boresniac world currency
258,tether,percentbtc implodes everyone know price inflated literally everyone
259,tether,kick foot move forever sail lift
260,tether,price price price mrmmy
261,tether,bovada casino
262,tether,somewhere start woahh congrats
263,tether,still issue withdrawing fund wallet send message fastbitra
264,tether,still issue withdrawing fund wallet send message fastbitra lvjudwtgqt
265,tether,lifeoffitz howdy know send direct tweet tweet opinion
266,tether,bassettsfilm manal love unbeeakable zombie froever rmovj svwx
267,tether,price price price efppjzkswg
268,tether,thevoice another fled know mind business homeland
269,tether,metric signal market resistance hold despite handful coin gwqfdjhybt
270,tether,know trade
271,tether,exchange owned people shell company fewer fifteen people contr nlojjhti
272,tether,nawt park thinking single inferno calm downsbsiahaja
273,tether,dart head head radiates pulsing bladder stone pain foot activating gnzvmr
274,tether,next level hypocrisy dishonesty adam back defends saying follow money urlh qhtqf
275,tether,think mural story precisely caused people trawling facebook like tcscskgnj
276,tether,official printed billion tether exchange shitcoins behalf ponzi scheme ftkc
277,tether,reality check overwhelming majority trading wash trading fraudulent exchange xbursyxsed
278,tether,ponzi print fake digital dollar pump social medium fake digital gold xrtaazdf
279,tether,merjazz nasescobar long rider support reparation good xpsi hnkk
280,tether,okay
281,tether,reportedly spun wildly pumping price globe interview celsius founder lgbpxkqa
282,tether,credit limit exposure would eventually reportedl afmdp osbr
283,tether,usdt price change market ranking usdt
284,tether,cryptogeek printing usdt nothing increasing risk black swan
285,tether,news today decision hindi urdu rofnufeu
286,tether,credit devil
287,tether,still issue withdrawing fund wallet send message fastbitra jiwnttpuit
288,tether,starting tomorrow returning streaming taking week helped want back chaos
289,tether,brawday driven brazen cheating lover condoni zpss dxhah
290,tether,kacharle donithedon deflecting angry classic
291,tether,ronansetron nurse probably reported trouble obviously mxqioeb
292,tether,customwetware kareem carr model dedicated math sure speed past even cixp
293,tether,come blocked hanateratera
294,tether,next bull aldi accepts
295,tether,price price price asbrobr
296,tether,still issue withdrawing fund wallet send message fastbitra tlnxi
297,tether,work curated post publish read write article kcpek
298,tether,still issue withdrawing fund wallet send message fastbitra hmbyhavsac
299,tether,vincentcrypt internet outage would blessing know phone live florida vffuztb
300,tether,stellaswap gavofyork explain difference pulsar amku mvkp
301,dogecoin,current price tothemoon
302,dogecoin,nftkingforever pomeranian make biggest come back history mark word ofeowhu
303,dogecoin,michaeldoge spadersnfts lionelclone stacyloveskatz tesladarth ccuntamed misswyoming draganamusk urhp jedqi
304,dogecoin,mintsolananft pomeranian make biggest come back history mark word tubvvhrlc
305,dogecoin,prediction result deal close entry entry price qyuaf
306,dogecoin,shiba price rebound record low upside ahead erin
307,dogecoin,shibinfo shiba price rebound record low upside ahead erin
308,dogecoin,rally work shib eye highly anticipated shibarium shibariumgems plus shib wxdxfpf
309,dogecoin,nikoone fix aanb
310,dogecoin,popular trader predicted could move near future caused invest swqsdnc
311,dogecoin,ready maximize portfolio stay ahead curve must investment mdkwno
312,dogecoin,current price tothemoon
313,dogecoin,breaking news oamg binance altcoins sand luna coinbase wohd
314,dogecoin,popular trader predicted could move near future caused invest
315,dogecoin,breaking news ogfm binance altcoins sand luna coinbase nqzzict
316,dogecoin,check latest live price click glxnso
317,dogecoin,dogebunker tweeter wfcioagank
318,dogecoin,generated superhero wlknc
319,dogecoin,drrug still bullish elon
320,dogecoin,keep building king safemoon safemoon safemoonarmy bscgem bscgemsalert binance gsqtg mdwh
321,dogecoin,current price tothemoon
322,dogecoin,indicator also valid cryptos cardano even forextrading
323,dogecoin,babydogecoin coingecko baby moon
324,dogecoin,failed
325,dogecoin,hail shardeum shaun shaun nischalshetty think shardeumdoge interesting recipe lifting temb lbek
326,dogecoin,believe dogefam vgbkaf
327,dogecoin,last update babydoge babydogecoin dogearmy dogeswap
328,dogecoin,whole world decide help situation turkey overcome peopl amrdzwiue
329,dogecoin,elonmusk breaking investor belief elon musk second coming christ
330,dogecoin,price
331,dogecoin,dormant wallet wake dead price surge incoming eywyppockj
332,dogecoin,price price price nzwbz
333,dogecoin,ripple
334,dogecoin,elonmusk popular coin world
335,dogecoin,current price tothemoon
336,dogecoin,bnbbombs cointigerex dogrmytoken checked thse reward atuhbyt
337,dogecoin,price prediction price rise apiece binance target price njssvv
338,dogecoin,tried
339,dogecoin,current price tothemoon
340,dogecoin,invested tesla nvidia apple microsoft amazon year worth hczy ncayk
342,dogecoin,twitter payment npci payment india billym elonmusk tesla elonmusk
343,dogecoin,elonmusk please something
344,dogecoin,ibrahim shmorten ratioscrazy hows
345,dogecoin,article shiba elon musk favorite meme coin knockoff rally day
346,dogecoin,prediction result deal close entry entry price fvmkphqzwz
347,dogecoin,twitter payment npci payment india billym elonmusk tesla
348,dogecoin,elonmusk deepfake elon made joke skit hustle scam ceazbiagee
349,dogecoin,current price tothemoon
350,dogecoin,averywalker tesla elonmusk tesla teslapodcast dillonloomis sawyermerritt zixqmjaf
351,dogecoin,blockworks hope test preference public option important
352,dogecoin,trade
353,dogecoin,ethereumfair group help explain clearly happen ethf fork fork successful
354,dogecoin,esatoshiclub realflokiinu samoyedcoin dogelonmars back succeed
355,dogecoin,babydogecoin thanks bitmart giveaway preciou jnrgwhills nomor kator
356,dogecoin,hurry award waiting click hbjaa
357,dogecoin,current price tothemoon
358,dogecoin,theunderdoge next time monday
359,dogecoin,deeply appreciative jury unanimous finding innocence tesla private case ulocxxh
360,dogecoin,creator say annoyed elon musk tried send moon binancettc techtreescoin
361,dogecoin,shiba price rebound record low upside ahead shib price technical hint saysau
362,dogecoin,ruble minute withdrawal instant register afrilf tron klnzwzjgrs
363,dogecoin,business long supply liquidity liquidity enhances utility value learn economics better
364,dogecoin,babydoge cryptos world beginning babydogearmy gkoaaa
365,dogecoin,good morning community forget good everyday especially today tdwrfojvyg
366,dogecoin,huge giveaway give worth random follower every rule nszlsxh
367,dogecoin,current price tothemoon
368,dogecoin,sagittarius sagittarius adventure started joke become popular adventurous
369,dogecoin,article dormant wallet wake dead price surge incoming zpyywwlshq omfi
370,dogecoin,obstacle cannot overcome strength come people want live
371,dogecoin,breaking news fsfnb fvaa binance altcoins sand luna coinbase
372,dogecoin,margexcom rose
373,dogecoin,dormant wallet wake dead price surge incoming pnficsoup
374,dogecoin,current price
375,dogecoin,stats coin xzwzfm
376,dogecoin,shib look continue road recovery rtxkpcmcsc shiba shibainu shibarmy cryptotrading
377,dogecoin,dormant wallet wake dead price surge incoming wulkwbelya
378,dogecoin,current price tothemoon
379,dogecoin,price change market ranking
380,dogecoin,superhero wzbkwmdl
381,dogecoin,genius engine world billym dogefam fqbmvyy
382,dogecoin,meme coin might keep captivated roboape monero enigma sellorders
383,dogecoin,saving gpxd cvnfb
384,dogecoin,movbmhkcfy
385,dogecoin,dbbowcvnub
386,dogecoin,bloomberg know rolcm ugnqetxx
387,dogecoin,elonmusk explode soon elonmusk
388,dogecoin,archive require type government even education destroy exchanged
389,dogecoin,immr mydogeofficial ownthedoge djdoge mrnixn whitneywalker missydogelover kawator ysmac ykkx
390,dogecoin,shiba shib rally shibaswap bone get listed exchange bitget rival cxmwqlmozw
391,dogecoin,current price tothemoon
392,dogecoin,earth coin basic level nfts nftgiveaway nftartist nftcollector nftcommmunity ixzy
394,dogecoin,internet currency
395,dogecoin,earth coin basic level nfts nftgiveaway nftartist nftcollector nftcommmunity vpqrhdey
396,dogecoin,horse racing odds shortening vxbcwl trainer intention selection tajgmrgo ccshor
397,dogecoin,price prediction daily performance read prediction ybpstmvs wuwylrpmky
398,dogecoin,post modest loss response news jupiter overtakes saturn planet known moon
399,dogecoin,miss miss shibainu miss miss babydoge babydogecoin next babydogearmy gvscpqrt
400,dogecoin,waiting level tested start looking position hhzk jvgot
401,dogecoin,current price
402,dogecoin,current price tothemoon
403,dogecoin,dogeusdt long limit dxyu zwwdc
404,dogecoin,bdzhrktv elon musk favorite altcoins price next rally mask
405,dogecoin,invested tesla nvidia apple microsoft amazon year worth puudquklhg
